timestamp,elapsed_seconds,dominant_emotion,confidence,all_emotions,face_box
2025-09-04T23:25:59.752429,0.0,neutral,0.69,"{'angry': 0.04, 'disgust': 0.0, 'fear': 0.05, 'happy': 0.0, 'sad': 0.22, 'surprise': 0.0, 'neutral': 0.69}","[262, 218, 118, 142]"
2025-09-04T23:26:00.048155,0.3,neutral,0.76,"{'angry': 0.03, 'disgust': 0.0, 'fear': 0.08, 'happy': 0.0, 'sad': 0.13, 'surprise': 0.0, 'neutral': 0.76}","[268, 216, 115, 141]"
2025-09-04T23:26:00.139671,0.39,neutral,0.78,"{'angry': 0.04, 'disgust': 0.0, 'fear': 0.03, 'happy': 0.0, 'sad': 0.16, 'surprise': 0.0, 'neutral': 0.78}","[264, 204, 124, 154]"
2025-09-04T23:26:00.215291,0.46,neutral,0.63,"{'angry': 0.04, 'disgust': 0.0, 'fear': 0.03, 'happy': 0.0, 'sad': 0.3, 'surprise': 0.0, 'neutral': 0.63}","[265, 204, 122, 153]"
2025-09-04T23:26:00.292044,0.54,neutral,0.75,"{'angry': 0.03, 'disgust': 0.0, 'fear': 0.04, 'happy': 0.01, 'sad': 0.18, 'surprise': 0.0, 'neutral': 0.75}","[266, 202, 123, 155]"
2025-09-04T23:26:00.354652,0.6,neutral,0.81,"{'angry': 0.03, 'disgust': 0.0, 'fear': 0.03, 'happy': 0.01, 'sad': 0.14, 'surprise': 0.0, 'neutral': 0.81}","[267, 203, 123, 154]"
2025-09-04T23:26:00.431629,0.68,neutral,0.78,"{'angry': 0.02, 'disgust': 0.0, 'fear': 0.03, 'happy': 0.0, 'sad': 0.17, 'surprise': 0.0, 'neutral': 0.78}","[267, 204, 123, 153]"
2025-09-04T23:26:00.508562,0.76,neutral,0.9,"{'angry': 0.01, 'disgust': 0.0, 'fear': 0.01, 'happy': 0.0, 'sad': 0.08, 'surprise': 0.0, 'neutral': 0.9}","[267, 196, 126, 160]"
2025-09-04T23:26:00.585811,0.83,neutral,0.7,"{'angry': 0.05, 'disgust': 0.0, 'fear': 0.05, 'happy': 0.01, 'sad': 0.19, 'surprise': 0.0, 'neutral': 0.7}","[270, 201, 123, 151]"
2025-09-04T23:26:00.663436,0.91,neutral,0.87,"{'angry': 0.02, 'disgust': 0.0, 'fear': 0.02, 'happy': 0.0, 'sad': 0.09, 'surprise': 0.0, 'neutral': 0.87}","[269, 198, 127, 156]"
2025-09-04T23:26:00.725441,0.97,neutral,0.65,"{'angry': 0.03, 'disgust': 0.0, 'fear': 0.1, 'happy': 0.0, 'sad': 0.21, 'surprise': 0.0, 'neutral': 0.65}","[280, 206, 118, 144]"
2025-09-04T23:26:00.801345,1.05,neutral,0.69,"{'angry': 0.02, 'disgust': 0.0, 'fear': 0.06, 'happy': 0.0, 'sad': 0.21, 'surprise': 0.0, 'neutral': 0.69}","[279, 204, 120, 145]"
2025-09-04T23:26:00.877020,1.12,neutral,0.72,"{'angry': 0.03, 'disgust': 0.0, 'fear': 0.11, 'happy': 0.01, 'sad': 0.14, 'surprise': 0.0, 'neutral': 0.72}","[282, 202, 119, 144]"
2025-09-04T23:26:00.954024,1.2,neutral,0.54,"{'angry': 0.04, 'disgust': 0.0, 'fear': 0.1, 'happy': 0.01, 'sad': 0.31, 'surprise': 0.0, 'neutral': 0.54}","[283, 203, 117, 141]"
2025-09-04T23:26:01.031564,1.28,neutral,0.58,"{'angry': 0.04, 'disgust': 0.0, 'fear': 0.11, 'happy': 0.0, 'sad': 0.26, 'surprise': 0.0, 'neutral': 0.58}","[282, 202, 120, 144]"
2025-09-04T23:26:01.108616,1.36,neutral,0.65,"{'angry': 0.01, 'disgust': 0.0, 'fear': 0.08, 'happy': 0.01, 'sad': 0.24, 'surprise': 0.0, 'neutral': 0.65}","[285, 200, 118, 142]"
2025-09-04T23:26:01.185920,1.43,neutral,0.6,"{'angry': 0.04, 'disgust': 0.0, 'fear': 0.13, 'happy': 0.0, 'sad': 0.21, 'surprise': 0.0, 'neutral': 0.6}","[284, 203, 117, 139]"
2025-09-04T23:26:01.261065,1.51,neutral,0.57,"{'angry': 0.06, 'disgust': 0.0, 'fear': 0.08, 'happy': 0.01, 'sad': 0.29, 'surprise': 0.0, 'neutral': 0.57}","[279, 202, 117, 142]"
2025-09-04T23:26:01.338477,1.59,neutral,0.65,"{'angry': 0.04, 'disgust': 0.0, 'fear': 0.07, 'happy': 0.0, 'sad': 0.24, 'surprise': 0.0, 'neutral': 0.65}","[278, 202, 116, 142]"
2025-09-04T23:26:01.447472,1.7,neutral,0.63,"{'angry': 0.03, 'disgust': 0.0, 'fear': 0.07, 'happy': 0.0, 'sad': 0.27, 'surprise': 0.0, 'neutral': 0.63}","[271, 203, 119, 144]"
2025-09-04T23:26:01.525289,1.77,neutral,0.54,"{'angry': 0.04, 'disgust': 0.0, 'fear': 0.09, 'happy': 0.01, 'sad': 0.32, 'surprise': 0.0, 'neutral': 0.54}","[272, 204, 117, 142]"
2025-09-04T23:26:01.603423,1.85,neutral,0.64,"{'angry': 0.04, 'disgust': 0.0, 'fear': 0.09, 'happy': 0.01, 'sad': 0.21, 'surprise': 0.0, 'neutral': 0.64}","[269, 204, 118, 143]"
2025-09-04T23:26:01.680930,1.93,neutral,0.54,"{'angry': 0.05, 'disgust': 0.0, 'fear': 0.09, 'happy': 0.01, 'sad': 0.32, 'surprise': 0.0, 'neutral': 0.54}","[269, 205, 118, 141]"
2025-09-04T23:26:01.760088,2.01,neutral,0.46,"{'angry': 0.04, 'disgust': 0.0, 'fear': 0.1, 'happy': 0.0, 'sad': 0.39, 'surprise': 0.0, 'neutral': 0.46}","[270, 205, 117, 141]"
2025-09-04T23:26:01.835493,2.08,neutral,0.6,"{'angry': 0.03, 'disgust': 0.0, 'fear': 0.08, 'happy': 0.0, 'sad': 0.29, 'surprise': 0.0, 'neutral': 0.6}","[269, 205, 117, 141]"
2025-09-04T23:26:01.913060,2.16,neutral,0.49,"{'angry': 0.03, 'disgust': 0.0, 'fear': 0.08, 'happy': 0.0, 'sad': 0.41, 'surprise': 0.0, 'neutral': 0.49}","[270, 205, 117, 141]"
2025-09-04T23:26:01.990917,2.24,neutral,0.63,"{'angry': 0.02, 'disgust': 0.0, 'fear': 0.08, 'happy': 0.0, 'sad': 0.27, 'surprise': 0.0, 'neutral': 0.63}","[270, 204, 118, 143]"
2025-09-04T23:26:02.068724,2.32,neutral,0.62,"{'angry': 0.03, 'disgust': 0.0, 'fear': 0.07, 'happy': 0.0, 'sad': 0.29, 'surprise': 0.0, 'neutral': 0.62}","[271, 204, 117, 144]"
2025-09-04T23:26:02.145461,2.39,neutral,0.76,"{'angry': 0.03, 'disgust': 0.0, 'fear': 0.05, 'happy': 0.0, 'sad': 0.16, 'surprise': 0.0, 'neutral': 0.76}","[269, 201, 122, 149]"
2025-09-04T23:26:02.224048,2.47,neutral,0.71,"{'angry': 0.03, 'disgust': 0.0, 'fear': 0.07, 'happy': 0.0, 'sad': 0.19, 'surprise': 0.0, 'neutral': 0.71}","[271, 204, 119, 147]"
2025-09-04T23:26:02.299776,2.55,neutral,0.67,"{'angry': 0.03, 'disgust': 0.0, 'fear': 0.05, 'happy': 0.12, 'sad': 0.13, 'surprise': 0.0, 'neutral': 0.67}","[273, 203, 120, 148]"
2025-09-04T23:26:02.376935,2.62,neutral,0.54,"{'angry': 0.02, 'disgust': 0.0, 'fear': 0.04, 'happy': 0.29, 'sad': 0.09, 'surprise': 0.01, 'neutral': 0.54}","[273, 204, 119, 145]"
2025-09-04T23:26:02.452495,2.7,neutral,0.65,"{'angry': 0.02, 'disgust': 0.0, 'fear': 0.02, 'happy': 0.25, 'sad': 0.06, 'surprise': 0.0, 'neutral': 0.65}","[275, 206, 119, 142]"
2025-09-04T23:26:02.528754,2.78,neutral,0.65,"{'angry': 0.02, 'disgust': 0.0, 'fear': 0.02, 'happy': 0.25, 'sad': 0.06, 'surprise': 0.0, 'neutral': 0.65}","[275, 206, 119, 142]"
2025-09-04T23:26:02.608317,2.86,neutral,0.58,"{'angry': 0.01, 'disgust': 0.0, 'fear': 0.01, 'happy': 0.58, 'sad': 0.06, 'surprise': 0.0, 'neutral': 0.33}","[274, 204, 121, 146]"
2025-09-04T23:26:02.684791,2.93,neutral,0.75,"{'angry': 0.01, 'disgust': 0.0, 'fear': 0.01, 'happy': 0.75, 'sad': 0.04, 'surprise': 0.01, 'neutral': 0.19}","[276, 205, 119, 145]"
2025-09-04T23:26:02.761563,3.01,neutral,0.68,"{'angry': 0.01, 'disgust': 0.0, 'fear': 0.01, 'happy': 0.68, 'sad': 0.03, 'surprise': 0.0, 'neutral': 0.27}","[276, 206, 120, 145]"
2025-09-04T23:26:02.839279,3.09,neutral,0.57,"{'angry': 0.01, 'disgust': 0.0, 'fear': 0.02, 'happy': 0.57, 'sad': 0.06, 'surprise': 0.01, 'neutral': 0.33}","[276, 205, 119, 147]"
2025-09-04T23:26:02.917404,3.17,neutral,0.65,"{'angry': 0.01, 'disgust': 0.0, 'fear': 0.02, 'happy': 0.65, 'sad': 0.04, 'surprise': 0.01, 'neutral': 0.28}","[277, 205, 120, 147]"
2025-09-04T23:26:02.995178,3.24,happy,0.52,"{'angry': 0.03, 'disgust': 0.0, 'fear': 0.03, 'happy': 0.52, 'sad': 0.06, 'surprise': 0.01, 'neutral': 0.35}","[278, 207, 120, 145]"
2025-09-04T23:26:03.072698,3.32,happy,0.48,"{'angry': 0.02, 'disgust': 0.0, 'fear': 0.02, 'happy': 0.43, 'sad': 0.06, 'surprise': 0.0, 'neutral': 0.48}","[278, 206, 119, 146]"
2025-09-04T23:26:03.149564,3.4,happy,0.62,"{'angry': 0.02, 'disgust': 0.0, 'fear': 0.02, 'happy': 0.27, 'sad': 0.06, 'surprise': 0.0, 'neutral': 0.62}","[278, 206, 119, 146]"
2025-09-04T23:26:03.227019,3.47,happy,0.46,"{'angry': 0.09, 'disgust': 0.0, 'fear': 0.1, 'happy': 0.14, 'sad': 0.2, 'surprise': 0.01, 'neutral': 0.46}","[277, 207, 120, 146]"
2025-09-04T23:26:03.305183,3.55,happy,0.75,"{'angry': 0.03, 'disgust': 0.0, 'fear': 0.07, 'happy': 0.01, 'sad': 0.13, 'surprise': 0.0, 'neutral': 0.75}","[278, 206, 120, 146]"
2025-09-04T23:26:03.382723,3.63,happy,0.76,"{'angry': 0.02, 'disgust': 0.01, 'fear': 0.05, 'happy': 0.01, 'sad': 0.15, 'surprise': 0.0, 'neutral': 0.76}","[279, 206, 118, 145]"
2025-09-04T23:26:03.459046,3.71,neutral,0.76,"{'angry': 0.03, 'disgust': 0.0, 'fear': 0.07, 'happy': 0.0, 'sad': 0.14, 'surprise': 0.0, 'neutral': 0.76}","[279, 207, 118, 144]"
2025-09-04T23:26:03.535961,3.78,neutral,0.65,"{'angry': 0.05, 'disgust': 0.0, 'fear': 0.09, 'happy': 0.03, 'sad': 0.17, 'surprise': 0.0, 'neutral': 0.65}","[278, 205, 121, 148]"
2025-09-04T23:26:03.612149,3.86,neutral,0.71,"{'angry': 0.06, 'disgust': 0.0, 'fear': 0.06, 'happy': 0.01, 'sad': 0.17, 'surprise': 0.0, 'neutral': 0.71}","[278, 205, 120, 147]"
2025-09-04T23:26:03.690111,3.94,neutral,0.6,"{'angry': 0.09, 'disgust': 0.0, 'fear': 0.13, 'happy': 0.01, 'sad': 0.17, 'surprise': 0.0, 'neutral': 0.6}","[279, 205, 118, 146]"
2025-09-04T23:26:03.766763,4.01,neutral,0.6,"{'angry': 0.06, 'disgust': 0.0, 'fear': 0.13, 'happy': 0.0, 'sad': 0.2, 'surprise': 0.0, 'neutral': 0.6}","[279, 205, 117, 146]"
2025-09-04T23:26:03.843602,4.09,neutral,0.72,"{'angry': 0.03, 'disgust': 0.0, 'fear': 0.11, 'happy': 0.0, 'sad': 0.14, 'surprise': 0.0, 'neutral': 0.72}","[279, 206, 118, 144]"
2025-09-04T23:26:03.907089,4.15,neutral,0.72,"{'angry': 0.04, 'disgust': 0.0, 'fear': 0.06, 'happy': 0.0, 'sad': 0.18, 'surprise': 0.0, 'neutral': 0.72}","[279, 205, 117, 144]"
2025-09-04T23:26:03.984361,4.23,neutral,0.68,"{'angry': 0.05, 'disgust': 0.0, 'fear': 0.1, 'happy': 0.0, 'sad': 0.17, 'surprise': 0.0, 'neutral': 0.68}","[279, 204, 118, 146]"
2025-09-04T23:26:04.060490,4.31,neutral,0.73,"{'angry': 0.03, 'disgust': 0.0, 'fear': 0.09, 'happy': 0.0, 'sad': 0.15, 'surprise': 0.0, 'neutral': 0.73}","[278, 205, 117, 144]"
2025-09-04T23:26:04.136325,4.38,neutral,0.72,"{'angry': 0.04, 'disgust': 0.0, 'fear': 0.08, 'happy': 0.0, 'sad': 0.15, 'surprise': 0.0, 'neutral': 0.72}","[279, 204, 117, 145]"
2025-09-04T23:26:04.212881,4.46,neutral,0.69,"{'angry': 0.02, 'disgust': 0.0, 'fear': 0.12, 'happy': 0.01, 'sad': 0.16, 'surprise': 0.0, 'neutral': 0.69}","[278, 204, 117, 143]"
2025-09-04T23:26:04.290231,4.54,neutral,0.67,"{'angry': 0.02, 'disgust': 0.0, 'fear': 0.13, 'happy': 0.0, 'sad': 0.18, 'surprise': 0.0, 'neutral': 0.67}","[278, 204, 117, 143]"
2025-09-04T23:26:04.365944,4.61,neutral,0.52,"{'angry': 0.05, 'disgust': 0.0, 'fear': 0.13, 'happy': 0.0, 'sad': 0.3, 'surprise': 0.0, 'neutral': 0.52}","[278, 204, 117, 144]"
2025-09-04T23:26:04.442355,4.69,neutral,0.67,"{'angry': 0.03, 'disgust': 0.0, 'fear': 0.1, 'happy': 0.0, 'sad': 0.2, 'surprise': 0.0, 'neutral': 0.67}","[278, 203, 118, 144]"
2025-09-04T23:26:04.518185,4.77,neutral,0.68,"{'angry': 0.03, 'disgust': 0.0, 'fear': 0.08, 'happy': 0.0, 'sad': 0.21, 'surprise': 0.0, 'neutral': 0.68}","[277, 203, 118, 144]"
2025-09-04T23:26:04.593514,4.84,neutral,0.65,"{'angry': 0.03, 'disgust': 0.0, 'fear': 0.07, 'happy': 0.0, 'sad': 0.24, 'surprise': 0.0, 'neutral': 0.65}","[277, 203, 118, 144]"
2025-09-04T23:26:04.670909,4.92,neutral,0.67,"{'angry': 0.02, 'disgust': 0.0, 'fear': 0.08, 'happy': 0.0, 'sad': 0.22, 'surprise': 0.0, 'neutral': 0.67}","[278, 203, 118, 143]"
2025-09-04T23:26:04.747626,5.0,neutral,0.67,"{'angry': 0.02, 'disgust': 0.0, 'fear': 0.08, 'happy': 0.0, 'sad': 0.22, 'surprise': 0.0, 'neutral': 0.67}","[278, 203, 118, 143]"
2025-09-04T23:26:04.822812,5.07,neutral,0.59,"{'angry': 0.04, 'disgust': 0.0, 'fear': 0.12, 'happy': 0.01, 'sad': 0.24, 'surprise': 0.0, 'neutral': 0.59}","[278, 203, 118, 144]"
2025-09-04T23:26:04.898502,5.15,neutral,0.64,"{'angry': 0.03, 'disgust': 0.0, 'fear': 0.11, 'happy': 0.0, 'sad': 0.21, 'surprise': 0.0, 'neutral': 0.64}","[278, 203, 117, 144]"
2025-09-04T23:26:04.975261,5.22,neutral,0.48,"{'angry': 0.02, 'disgust': 0.0, 'fear': 0.16, 'happy': 0.0, 'sad': 0.33, 'surprise': 0.0, 'neutral': 0.48}","[279, 205, 117, 142]"
2025-09-04T23:26:05.053178,5.3,neutral,0.5,"{'angry': 0.02, 'disgust': 0.0, 'fear': 0.16, 'happy': 0.0, 'sad': 0.32, 'surprise': 0.0, 'neutral': 0.5}","[279, 204, 117, 141]"
2025-09-04T23:26:05.129095,5.38,neutral,0.51,"{'angry': 0.01, 'disgust': 0.0, 'fear': 0.19, 'happy': 0.0, 'sad': 0.29, 'surprise': 0.0, 'neutral': 0.51}","[279, 205, 116, 141]"
2025-09-04T23:26:05.208377,5.46,neutral,0.51,"{'angry': 0.01, 'disgust': 0.0, 'fear': 0.22, 'happy': 0.0, 'sad': 0.25, 'surprise': 0.0, 'neutral': 0.51}","[279, 206, 116, 140]"
2025-09-04T23:26:05.285543,5.53,neutral,0.59,"{'angry': 0.01, 'disgust': 0.0, 'fear': 0.19, 'happy': 0.0, 'sad': 0.2, 'surprise': 0.0, 'neutral': 0.59}","[279, 205, 116, 142]"
2025-09-04T23:26:05.363955,5.61,neutral,0.68,"{'angry': 0.01, 'disgust': 0.0, 'fear': 0.13, 'happy': 0.0, 'sad': 0.18, 'surprise': 0.0, 'neutral': 0.68}","[279, 206, 117, 141]"
2025-09-04T23:26:05.439860,5.69,neutral,0.65,"{'angry': 0.01, 'disgust': 0.0, 'fear': 0.1, 'happy': 0.0, 'sad': 0.24, 'surprise': 0.0, 'neutral': 0.65}","[278, 205, 118, 143]"
2025-09-04T23:26:05.515807,5.76,neutral,0.62,"{'angry': 0.01, 'disgust': 0.0, 'fear': 0.13, 'happy': 0.0, 'sad': 0.23, 'surprise': 0.0, 'neutral': 0.62}","[279, 205, 117, 142]"
2025-09-04T23:26:05.592249,5.84,neutral,0.66,"{'angry': 0.01, 'disgust': 0.0, 'fear': 0.11, 'happy': 0.0, 'sad': 0.22, 'surprise': 0.0, 'neutral': 0.66}","[278, 205, 118, 143]"
2025-09-04T23:26:05.670184,5.92,neutral,0.66,"{'angry': 0.01, 'disgust': 0.0, 'fear': 0.13, 'happy': 0.0, 'sad': 0.19, 'surprise': 0.0, 'neutral': 0.66}","[279, 205, 117, 143]"
2025-09-04T23:26:05.745382,5.99,neutral,0.64,"{'angry': 0.01, 'disgust': 0.0, 'fear': 0.13, 'happy': 0.0, 'sad': 0.22, 'surprise': 0.0, 'neutral': 0.64}","[278, 205, 118, 143]"
2025-09-04T23:26:05.821548,6.07,neutral,0.66,"{'angry': 0.02, 'disgust': 0.0, 'fear': 0.08, 'happy': 0.0, 'sad': 0.24, 'surprise': 0.0, 'neutral': 0.66}","[280, 206, 117, 142]"
2025-09-04T23:26:05.900306,6.15,neutral,0.69,"{'angry': 0.03, 'disgust': 0.0, 'fear': 0.1, 'happy': 0.0, 'sad': 0.17, 'surprise': 0.0, 'neutral': 0.69}","[279, 206, 117, 143]"
2025-09-04T23:26:05.978162,6.23,neutral,0.75,"{'angry': 0.02, 'disgust': 0.0, 'fear': 0.07, 'happy': 0.0, 'sad': 0.16, 'surprise': 0.0, 'neutral': 0.75}","[278, 205, 119, 144]"
2025-09-04T23:26:06.056528,6.3,neutral,0.63,"{'angry': 0.04, 'disgust': 0.0, 'fear': 0.08, 'happy': 0.0, 'sad': 0.24, 'surprise': 0.0, 'neutral': 0.63}","[279, 206, 118, 143]"
2025-09-04T23:26:06.133537,6.38,neutral,0.72,"{'angry': 0.02, 'disgust': 0.0, 'fear': 0.06, 'happy': 0.0, 'sad': 0.19, 'surprise': 0.0, 'neutral': 0.72}","[280, 207, 117, 142]"
2025-09-04T23:26:06.211050,6.46,neutral,0.82,"{'angry': 0.02, 'disgust': 0.0, 'fear': 0.06, 'happy': 0.0, 'sad': 0.1, 'surprise': 0.0, 'neutral': 0.82}","[280, 207, 118, 144]"
2025-09-04T23:26:06.288750,6.54,neutral,0.72,"{'angry': 0.09, 'disgust': 0.0, 'fear': 0.09, 'happy': 0.01, 'sad': 0.09, 'surprise': 0.0, 'neutral': 0.72}","[278, 206, 119, 146]"
2025-09-04T23:26:06.365301,6.61,neutral,0.55,"{'angry': 0.16, 'disgust': 0.0, 'fear': 0.08, 'happy': 0.03, 'sad': 0.17, 'surprise': 0.01, 'neutral': 0.55}","[277, 205, 121, 149]"
2025-09-04T23:26:06.442768,6.69,neutral,0.44,"{'angry': 0.44, 'disgust': 0.0, 'fear': 0.07, 'happy': 0.03, 'sad': 0.16, 'surprise': 0.02, 'neutral': 0.29}","[277, 205, 120, 149]"
2025-09-04T23:26:06.521462,6.77,neutral,0.63,"{'angry': 0.63, 'disgust': 0.0, 'fear': 0.11, 'happy': 0.01, 'sad': 0.1, 'surprise': 0.02, 'neutral': 0.13}","[278, 206, 119, 148]"
2025-09-04T23:26:06.600698,6.85,neutral,0.44,"{'angry': 0.44, 'disgust': 0.0, 'fear': 0.07, 'happy': 0.03, 'sad': 0.15, 'surprise': 0.01, 'neutral': 0.29}","[278, 205, 119, 149]"
2025-09-04T23:26:06.677471,6.93,neutral,0.45,"{'angry': 0.45, 'disgust': 0.0, 'fear': 0.11, 'happy': 0.02, 'sad': 0.18, 'surprise': 0.01, 'neutral': 0.23}","[277, 205, 121, 150]"
2025-09-04T23:26:06.753499,7.0,neutral,0.3,"{'angry': 0.3, 'disgust': 0.0, 'fear': 0.15, 'happy': 0.02, 'sad': 0.21, 'surprise': 0.02, 'neutral': 0.3}","[277, 206, 120, 148]"
2025-09-04T23:26:06.829940,7.08,angry,0.43,"{'angry': 0.43, 'disgust': 0.0, 'fear': 0.11, 'happy': 0.02, 'sad': 0.15, 'surprise': 0.01, 'neutral': 0.28}","[278, 206, 119, 147]"
2025-09-04T23:26:06.905823,7.15,angry,0.4,"{'angry': 0.4, 'disgust': 0.0, 'fear': 0.07, 'happy': 0.02, 'sad': 0.17, 'surprise': 0.01, 'neutral': 0.33}","[277, 205, 121, 149]"
2025-09-04T23:26:06.984687,7.23,angry,0.4,"{'angry': 0.4, 'disgust': 0.01, 'fear': 0.08, 'happy': 0.04, 'sad': 0.12, 'surprise': 0.02, 'neutral': 0.33}","[276, 204, 121, 150]"
2025-09-04T23:26:07.063301,7.31,angry,0.68,"{'angry': 0.04, 'disgust': 0.0, 'fear': 0.09, 'happy': 0.01, 'sad': 0.17, 'surprise': 0.01, 'neutral': 0.68}","[275, 205, 121, 151]"
2025-09-04T23:26:07.139875,7.39,angry,0.73,"{'angry': 0.04, 'disgust': 0.0, 'fear': 0.08, 'happy': 0.0, 'sad': 0.13, 'surprise': 0.0, 'neutral': 0.73}","[275, 205, 121, 151]"
2025-09-04T23:26:07.217227,7.46,angry,0.58,"{'angry': 0.11, 'disgust': 0.0, 'fear': 0.12, 'happy': 0.01, 'sad': 0.17, 'surprise': 0.0, 'neutral': 0.58}","[277, 206, 119, 147]"
2025-09-04T23:26:07.294217,7.54,angry,0.74,"{'angry': 0.04, 'disgust': 0.0, 'fear': 0.09, 'happy': 0.0, 'sad': 0.12, 'surprise': 0.0, 'neutral': 0.74}","[277, 207, 119, 146]"
2025-09-04T23:26:07.369426,7.62,angry,0.75,"{'angry': 0.04, 'disgust': 0.0, 'fear': 0.08, 'happy': 0.0, 'sad': 0.13, 'surprise': 0.0, 'neutral': 0.75}","[277, 207, 119, 146]"
2025-09-04T23:26:07.446821,7.69,neutral,0.61,"{'angry': 0.04, 'disgust': 0.0, 'fear': 0.12, 'happy': 0.0, 'sad': 0.22, 'surprise': 0.0, 'neutral': 0.61}","[277, 206, 119, 145]"
2025-09-04T23:26:07.523031,7.77,neutral,0.61,"{'angry': 0.04, 'disgust': 0.0, 'fear': 0.12, 'happy': 0.0, 'sad': 0.22, 'surprise': 0.0, 'neutral': 0.61}","[277, 206, 119, 145]"
2025-09-04T23:26:07.600183,7.85,neutral,0.62,"{'angry': 0.05, 'disgust': 0.0, 'fear': 0.1, 'happy': 0.0, 'sad': 0.23, 'surprise': 0.0, 'neutral': 0.62}","[277, 206, 119, 143]"
2025-09-04T23:26:07.676375,7.92,neutral,0.76,"{'angry': 0.02, 'disgust': 0.0, 'fear': 0.06, 'happy': 0.0, 'sad': 0.16, 'surprise': 0.0, 'neutral': 0.76}","[278, 206, 118, 143]"
2025-09-04T23:26:07.752610,8.0,neutral,0.73,"{'angry': 0.02, 'disgust': 0.0, 'fear': 0.05, 'happy': 0.0, 'sad': 0.2, 'surprise': 0.0, 'neutral': 0.73}","[278, 205, 118, 145]"
2025-09-04T23:26:07.829139,8.08,neutral,0.61,"{'angry': 0.04, 'disgust': 0.0, 'fear': 0.09, 'happy': 0.0, 'sad': 0.25, 'surprise': 0.0, 'neutral': 0.61}","[278, 206, 117, 143]"
2025-09-04T23:26:07.906473,8.15,neutral,0.58,"{'angry': 0.05, 'disgust': 0.0, 'fear': 0.09, 'happy': 0.0, 'sad': 0.27, 'surprise': 0.0, 'neutral': 0.58}","[278, 206, 117, 143]"
2025-09-04T23:26:07.982634,8.23,neutral,0.65,"{'angry': 0.03, 'disgust': 0.0, 'fear': 0.07, 'happy': 0.0, 'sad': 0.24, 'surprise': 0.0, 'neutral': 0.65}","[278, 206, 118, 143]"
2025-09-04T23:26:08.058056,8.31,neutral,0.66,"{'angry': 0.02, 'disgust': 0.0, 'fear': 0.07, 'happy': 0.0, 'sad': 0.24, 'surprise': 0.0, 'neutral': 0.66}","[278, 206, 118, 143]"
2025-09-04T23:26:08.135732,8.38,neutral,0.53,"{'angry': 0.03, 'disgust': 0.0, 'fear': 0.1, 'happy': 0.0, 'sad': 0.34, 'surprise': 0.0, 'neutral': 0.53}","[278, 207, 117, 142]"
2025-09-04T23:26:08.212544,8.46,neutral,0.62,"{'angry': 0.04, 'disgust': 0.0, 'fear': 0.08, 'happy': 0.0, 'sad': 0.25, 'surprise': 0.0, 'neutral': 0.62}","[277, 206, 118, 143]"
2025-09-04T23:26:08.290280,8.54,neutral,0.77,"{'angry': 0.01, 'disgust': 0.0, 'fear': 0.07, 'happy': 0.0, 'sad': 0.14, 'surprise': 0.0, 'neutral': 0.77}","[277, 205, 119, 143]"
2025-09-04T23:26:08.367067,8.61,neutral,0.68,"{'angry': 0.02, 'disgust': 0.0, 'fear': 0.07, 'happy': 0.0, 'sad': 0.22, 'surprise': 0.0, 'neutral': 0.68}","[278, 206, 117, 142]"
2025-09-04T23:26:08.442947,8.69,neutral,0.67,"{'angry': 0.03, 'disgust': 0.0, 'fear': 0.07, 'happy': 0.0, 'sad': 0.22, 'surprise': 0.0, 'neutral': 0.67}","[278, 206, 117, 143]"
2025-09-04T23:26:08.521197,8.77,neutral,0.62,"{'angry': 0.04, 'disgust': 0.0, 'fear': 0.09, 'happy': 0.01, 'sad': 0.24, 'surprise': 0.0, 'neutral': 0.62}","[277, 206, 118, 144]"
2025-09-04T23:26:08.598642,8.85,neutral,0.6,"{'angry': 0.04, 'disgust': 0.0, 'fear': 0.13, 'happy': 0.0, 'sad': 0.23, 'surprise': 0.0, 'neutral': 0.6}","[277, 207, 118, 143]"
2025-09-04T23:26:08.678484,8.93,neutral,0.87,"{'angry': 0.01, 'disgust': 0.0, 'fear': 0.03, 'happy': 0.0, 'sad': 0.08, 'surprise': 0.0, 'neutral': 0.87}","[278, 206, 118, 144]"
2025-09-04T23:26:08.742138,8.99,neutral,0.61,"{'angry': 0.03, 'disgust': 0.0, 'fear': 0.12, 'happy': 0.0, 'sad': 0.23, 'surprise': 0.0, 'neutral': 0.61}","[275, 206, 119, 145]"
2025-09-04T23:26:08.820513,9.07,neutral,0.83,"{'angry': 0.03, 'disgust': 0.0, 'fear': 0.04, 'happy': 0.01, 'sad': 0.1, 'surprise': 0.0, 'neutral': 0.83}","[273, 200, 124, 154]"
2025-09-04T23:26:08.898293,9.15,neutral,0.73,"{'angry': 0.03, 'disgust': 0.0, 'fear': 0.1, 'happy': 0.01, 'sad': 0.13, 'surprise': 0.0, 'neutral': 0.73}","[277, 206, 119, 146]"
2025-09-04T23:26:08.976339,9.22,neutral,0.71,"{'angry': 0.07, 'disgust': 0.0, 'fear': 0.08, 'happy': 0.02, 'sad': 0.13, 'surprise': 0.0, 'neutral': 0.71}","[276, 206, 119, 146]"
2025-09-04T23:26:09.051784,9.3,neutral,0.65,"{'angry': 0.05, 'disgust': 0.0, 'fear': 0.12, 'happy': 0.02, 'sad': 0.15, 'surprise': 0.0, 'neutral': 0.65}","[277, 206, 119, 146]"
2025-09-04T23:26:09.127337,9.38,neutral,0.77,"{'angry': 0.03, 'disgust': 0.0, 'fear': 0.05, 'happy': 0.02, 'sad': 0.13, 'surprise': 0.0, 'neutral': 0.77}","[272, 199, 124, 156]"
2025-09-04T23:26:09.205230,9.45,neutral,0.83,"{'angry': 0.03, 'disgust': 0.0, 'fear': 0.04, 'happy': 0.01, 'sad': 0.09, 'surprise': 0.0, 'neutral': 0.83}","[272, 200, 125, 155]"
2025-09-04T23:26:09.282276,9.53,neutral,0.73,"{'angry': 0.05, 'disgust': 0.0, 'fear': 0.1, 'happy': 0.02, 'sad': 0.11, 'surprise': 0.0, 'neutral': 0.73}","[276, 205, 120, 146]"
2025-09-04T23:26:09.357460,9.61,neutral,0.66,"{'angry': 0.03, 'disgust': 0.0, 'fear': 0.13, 'happy': 0.01, 'sad': 0.17, 'surprise': 0.0, 'neutral': 0.66}","[277, 207, 118, 144]"
2025-09-04T23:26:09.434934,9.68,neutral,0.74,"{'angry': 0.03, 'disgust': 0.0, 'fear': 0.1, 'happy': 0.0, 'sad': 0.13, 'surprise': 0.0, 'neutral': 0.74}","[277, 207, 118, 144]"
2025-09-04T23:26:09.511568,9.76,neutral,0.57,"{'angry': 0.07, 'disgust': 0.0, 'fear': 0.12, 'happy': 0.01, 'sad': 0.23, 'surprise': 0.0, 'neutral': 0.57}","[276, 206, 119, 145]"
2025-09-04T23:26:09.589560,9.84,neutral,0.72,"{'angry': 0.03, 'disgust': 0.0, 'fear': 0.09, 'happy': 0.01, 'sad': 0.15, 'surprise': 0.0, 'neutral': 0.72}","[277, 207, 118, 144]"
2025-09-04T23:26:09.665226,9.91,neutral,0.52,"{'angry': 0.11, 'disgust': 0.0, 'fear': 0.12, 'happy': 0.01, 'sad': 0.24, 'surprise': 0.0, 'neutral': 0.52}","[276, 205, 119, 145]"
2025-09-04T23:26:09.742449,9.99,neutral,0.76,"{'angry': 0.02, 'disgust': 0.0, 'fear': 0.08, 'happy': 0.0, 'sad': 0.14, 'surprise': 0.0, 'neutral': 0.76}","[276, 207, 118, 144]"
2025-09-04T23:26:09.819530,10.07,neutral,0.46,"{'angry': 0.13, 'disgust': 0.0, 'fear': 0.16, 'happy': 0.01, 'sad': 0.24, 'surprise': 0.0, 'neutral': 0.46}","[276, 205, 118, 145]"
2025-09-04T23:26:09.897930,10.15,neutral,0.73,"{'angry': 0.03, 'disgust': 0.0, 'fear': 0.09, 'happy': 0.0, 'sad': 0.14, 'surprise': 0.0, 'neutral': 0.73}","[276, 207, 118, 144]"
2025-09-04T23:26:09.974794,10.22,neutral,0.59,"{'angry': 0.08, 'disgust': 0.0, 'fear': 0.13, 'happy': 0.01, 'sad': 0.2, 'surprise': 0.0, 'neutral': 0.59}","[276, 205, 118, 145]"
2025-09-04T23:26:10.051784,10.3,neutral,0.75,"{'angry': 0.03, 'disgust': 0.0, 'fear': 0.1, 'happy': 0.0, 'sad': 0.12, 'surprise': 0.0, 'neutral': 0.75}","[276, 207, 118, 144]"
2025-09-04T23:26:10.127484,10.38,neutral,0.72,"{'angry': 0.03, 'disgust': 0.0, 'fear': 0.08, 'happy': 0.01, 'sad': 0.15, 'surprise': 0.0, 'neutral': 0.72}","[275, 205, 120, 147]"
2025-09-04T23:26:10.204731,10.45,neutral,0.63,"{'angry': 0.1, 'disgust': 0.0, 'fear': 0.14, 'happy': 0.01, 'sad': 0.12, 'surprise': 0.0, 'neutral': 0.63}","[275, 205, 119, 146]"
2025-09-04T23:26:10.280574,10.53,neutral,0.64,"{'angry': 0.09, 'disgust': 0.0, 'fear': 0.1, 'happy': 0.02, 'sad': 0.14, 'surprise': 0.0, 'neutral': 0.64}","[275, 205, 119, 147]"
2025-09-04T23:26:10.359131,10.61,neutral,0.74,"{'angry': 0.04, 'disgust': 0.0, 'fear': 0.12, 'happy': 0.01, 'sad': 0.09, 'surprise': 0.0, 'neutral': 0.74}","[276, 206, 119, 147]"
2025-09-04T23:26:10.435375,10.68,neutral,0.56,"{'angry': 0.19, 'disgust': 0.0, 'fear': 0.12, 'happy': 0.02, 'sad': 0.1, 'surprise': 0.01, 'neutral': 0.56}","[276, 207, 119, 146]"
2025-09-04T23:26:10.512619,10.76,neutral,0.34,"{'angry': 0.34, 'disgust': 0.0, 'fear': 0.15, 'happy': 0.03, 'sad': 0.13, 'surprise': 0.01, 'neutral': 0.33}","[274, 206, 119, 148]"
2025-09-04T23:26:10.576297,10.82,neutral,0.34,"{'angry': 0.34, 'disgust': 0.0, 'fear': 0.17, 'happy': 0.02, 'sad': 0.19, 'surprise': 0.01, 'neutral': 0.26}","[275, 206, 118, 148]"
2025-09-04T23:26:10.651893,10.9,neutral,0.37,"{'angry': 0.31, 'disgust': 0.0, 'fear': 0.14, 'happy': 0.05, 'sad': 0.12, 'surprise': 0.01, 'neutral': 0.37}","[274, 205, 120, 149]"
2025-09-04T23:26:10.731246,10.98,neutral,0.59,"{'angry': 0.59, 'disgust': 0.0, 'fear': 0.1, 'happy': 0.05, 'sad': 0.1, 'surprise': 0.01, 'neutral': 0.14}","[275, 206, 119, 148]"
2025-09-04T23:26:10.808679,11.06,neutral,0.51,"{'angry': 0.21, 'disgust': 0.0, 'fear': 0.1, 'happy': 0.03, 'sad': 0.15, 'surprise': 0.01, 'neutral': 0.51}","[274, 205, 120, 150]"
2025-09-04T23:26:10.886209,11.13,neutral,0.35,"{'angry': 0.26, 'disgust': 0.0, 'fear': 0.13, 'happy': 0.07, 'sad': 0.17, 'surprise': 0.02, 'neutral': 0.35}","[275, 205, 119, 148]"
2025-09-04T23:26:10.964166,11.21,neutral,0.55,"{'angry': 0.19, 'disgust': 0.0, 'fear': 0.09, 'happy': 0.03, 'sad': 0.13, 'surprise': 0.0, 'neutral': 0.55}","[274, 205, 120, 150]"
2025-09-04T23:26:11.041284,11.29,neutral,0.68,"{'angry': 0.09, 'disgust': 0.0, 'fear': 0.09, 'happy': 0.03, 'sad': 0.11, 'surprise': 0.0, 'neutral': 0.68}","[276, 206, 119, 147]"
2025-09-04T23:26:11.104552,11.35,neutral,0.6,"{'angry': 0.12, 'disgust': 0.0, 'fear': 0.1, 'happy': 0.03, 'sad': 0.15, 'surprise': 0.0, 'neutral': 0.6}","[276, 205, 118, 149]"
2025-09-04T23:26:11.182248,11.43,neutral,0.62,"{'angry': 0.1, 'disgust': 0.0, 'fear': 0.12, 'happy': 0.03, 'sad': 0.13, 'surprise': 0.0, 'neutral': 0.62}","[276, 206, 119, 147]"
2025-09-04T23:26:11.261222,11.51,neutral,0.62,"{'angry': 0.13, 'disgust': 0.0, 'fear': 0.08, 'happy': 0.04, 'sad': 0.14, 'surprise': 0.0, 'neutral': 0.62}","[275, 205, 119, 148]"
2025-09-04T23:26:11.339110,11.59,neutral,0.69,"{'angry': 0.04, 'disgust': 0.0, 'fear': 0.1, 'happy': 0.01, 'sad': 0.15, 'surprise': 0.0, 'neutral': 0.69}","[277, 207, 117, 144]"
2025-09-04T23:26:11.415919,11.66,neutral,0.53,"{'angry': 0.09, 'disgust': 0.0, 'fear': 0.17, 'happy': 0.04, 'sad': 0.18, 'surprise': 0.0, 'neutral': 0.53}","[276, 206, 118, 144]"
2025-09-04T23:26:11.492055,11.74,neutral,0.55,"{'angry': 0.06, 'disgust': 0.0, 'fear': 0.12, 'happy': 0.01, 'sad': 0.26, 'surprise': 0.0, 'neutral': 0.55}","[276, 206, 118, 143]"
2025-09-04T23:26:11.569039,11.82,neutral,0.63,"{'angry': 0.03, 'disgust': 0.0, 'fear': 0.11, 'happy': 0.0, 'sad': 0.23, 'surprise': 0.0, 'neutral': 0.63}","[274, 207, 118, 144]"
2025-09-04T23:26:11.646095,11.89,neutral,0.62,"{'angry': 0.05, 'disgust': 0.0, 'fear': 0.1, 'happy': 0.01, 'sad': 0.22, 'surprise': 0.0, 'neutral': 0.62}","[270, 205, 119, 144]"
2025-09-04T23:26:11.722454,11.97,neutral,0.56,"{'angry': 0.05, 'disgust': 0.0, 'fear': 0.12, 'happy': 0.01, 'sad': 0.27, 'surprise': 0.0, 'neutral': 0.56}","[267, 204, 121, 146]"
2025-09-04T23:26:11.798886,12.05,neutral,0.6,"{'angry': 0.06, 'disgust': 0.0, 'fear': 0.11, 'happy': 0.01, 'sad': 0.22, 'surprise': 0.0, 'neutral': 0.6}","[267, 205, 120, 144]"
2025-09-04T23:26:11.876550,12.12,neutral,0.65,"{'angry': 0.02, 'disgust': 0.0, 'fear': 0.09, 'happy': 0.01, 'sad': 0.24, 'surprise': 0.0, 'neutral': 0.65}","[272, 206, 117, 140]"
2025-09-04T23:26:11.953309,12.2,neutral,0.84,"{'angry': 0.01, 'disgust': 0.0, 'fear': 0.04, 'happy': 0.01, 'sad': 0.1, 'surprise': 0.0, 'neutral': 0.84}","[268, 200, 124, 149]"
2025-09-04T23:26:12.028897,12.28,neutral,0.72,"{'angry': 0.03, 'disgust': 0.0, 'fear': 0.05, 'happy': 0.03, 'sad': 0.17, 'surprise': 0.0, 'neutral': 0.72}","[266, 200, 123, 148]"
2025-09-04T23:26:12.105680,12.35,neutral,0.56,"{'angry': 0.02, 'disgust': 0.0, 'fear': 0.11, 'happy': 0.01, 'sad': 0.3, 'surprise': 0.0, 'neutral': 0.56}","[267, 203, 117, 141]"
2025-09-04T23:26:12.181645,12.43,neutral,0.54,"{'angry': 0.01, 'disgust': 0.0, 'fear': 0.07, 'happy': 0.01, 'sad': 0.38, 'surprise': 0.0, 'neutral': 0.54}","[270, 205, 118, 139]"
2025-09-04T23:26:12.258893,12.51,neutral,0.67,"{'angry': 0.02, 'disgust': 0.0, 'fear': 0.13, 'happy': 0.01, 'sad': 0.17, 'surprise': 0.0, 'neutral': 0.67}","[271, 203, 120, 144]"
2025-09-04T23:26:12.334529,12.58,neutral,0.57,"{'angry': 0.03, 'disgust': 0.0, 'fear': 0.12, 'happy': 0.02, 'sad': 0.26, 'surprise': 0.0, 'neutral': 0.57}","[277, 206, 117, 138]"
2025-09-04T23:26:12.411928,12.66,neutral,0.62,"{'angry': 0.1, 'disgust': 0.01, 'fear': 0.13, 'happy': 0.01, 'sad': 0.12, 'surprise': 0.01, 'neutral': 0.62}","[285, 202, 119, 149]"
2025-09-04T23:26:12.490783,12.74,neutral,0.49,"{'angry': 0.13, 'disgust': 0.01, 'fear': 0.19, 'happy': 0.02, 'sad': 0.14, 'surprise': 0.02, 'neutral': 0.49}","[286, 203, 119, 148]"
2025-09-04T23:26:12.568906,12.82,neutral,0.63,"{'angry': 0.11, 'disgust': 0.0, 'fear': 0.1, 'happy': 0.01, 'sad': 0.14, 'surprise': 0.01, 'neutral': 0.63}","[287, 204, 119, 150]"
2025-09-04T23:26:12.647475,12.9,neutral,0.43,"{'angry': 0.17, 'disgust': 0.0, 'fear': 0.22, 'happy': 0.02, 'sad': 0.14, 'surprise': 0.01, 'neutral': 0.43}","[288, 204, 119, 148]"
2025-09-04T23:26:12.725120,12.97,neutral,0.56,"{'angry': 0.13, 'disgust': 0.0, 'fear': 0.14, 'happy': 0.01, 'sad': 0.14, 'surprise': 0.01, 'neutral': 0.56}","[288, 204, 120, 149]"
2025-09-04T23:26:12.802608,13.05,neutral,0.6,"{'angry': 0.08, 'disgust': 0.0, 'fear': 0.14, 'happy': 0.02, 'sad': 0.15, 'surprise': 0.01, 'neutral': 0.6}","[288, 204, 120, 148]"
2025-09-04T23:26:12.880305,13.13,neutral,0.6,"{'angry': 0.09, 'disgust': 0.0, 'fear': 0.13, 'happy': 0.01, 'sad': 0.16, 'surprise': 0.01, 'neutral': 0.6}","[288, 205, 119, 148]"
2025-09-04T23:26:12.956974,13.2,neutral,0.66,"{'angry': 0.07, 'disgust': 0.0, 'fear': 0.1, 'happy': 0.01, 'sad': 0.16, 'surprise': 0.0, 'neutral': 0.66}","[287, 203, 120, 149]"
2025-09-04T23:26:13.033878,13.28,neutral,0.72,"{'angry': 0.08, 'disgust': 0.0, 'fear': 0.05, 'happy': 0.02, 'sad': 0.12, 'surprise': 0.01, 'neutral': 0.72}","[288, 202, 119, 148]"
2025-09-04T23:26:13.109518,13.36,neutral,0.62,"{'angry': 0.11, 'disgust': 0.01, 'fear': 0.1, 'happy': 0.01, 'sad': 0.15, 'surprise': 0.01, 'neutral': 0.62}","[288, 202, 119, 148]"
2025-09-04T23:26:13.171535,13.42,neutral,0.77,"{'angry': 0.07, 'disgust': 0.0, 'fear': 0.05, 'happy': 0.01, 'sad': 0.09, 'surprise': 0.0, 'neutral': 0.77}","[287, 202, 119, 148]"
2025-09-04T23:26:13.247552,13.5,neutral,0.62,"{'angry': 0.09, 'disgust': 0.01, 'fear': 0.1, 'happy': 0.01, 'sad': 0.16, 'surprise': 0.0, 'neutral': 0.62}","[286, 202, 120, 148]"
2025-09-04T23:26:13.324546,13.57,neutral,0.72,"{'angry': 0.05, 'disgust': 0.0, 'fear': 0.06, 'happy': 0.01, 'sad': 0.15, 'surprise': 0.0, 'neutral': 0.72}","[284, 202, 120, 147]"
2025-09-04T23:26:13.400424,13.65,neutral,0.74,"{'angry': 0.05, 'disgust': 0.0, 'fear': 0.07, 'happy': 0.01, 'sad': 0.12, 'surprise': 0.0, 'neutral': 0.74}","[283, 204, 120, 147]"
2025-09-04T23:26:13.477589,13.73,neutral,0.65,"{'angry': 0.07, 'disgust': 0.0, 'fear': 0.11, 'happy': 0.01, 'sad': 0.16, 'surprise': 0.0, 'neutral': 0.65}","[284, 205, 119, 145]"
2025-09-04T23:26:13.541229,13.79,neutral,0.66,"{'angry': 0.05, 'disgust': 0.0, 'fear': 0.07, 'happy': 0.01, 'sad': 0.2, 'surprise': 0.0, 'neutral': 0.66}","[282, 203, 121, 149]"
2025-09-04T23:26:13.619693,13.87,neutral,0.77,"{'angry': 0.04, 'disgust': 0.0, 'fear': 0.05, 'happy': 0.01, 'sad': 0.12, 'surprise': 0.0, 'neutral': 0.77}","[282, 203, 120, 149]"
2025-09-04T23:26:13.696910,13.94,neutral,0.67,"{'angry': 0.06, 'disgust': 0.01, 'fear': 0.08, 'happy': 0.01, 'sad': 0.17, 'surprise': 0.0, 'neutral': 0.67}","[282, 204, 120, 147]"
2025-09-04T23:26:13.756949,14.0,neutral,0.74,"{'angry': 0.04, 'disgust': 0.0, 'fear': 0.08, 'happy': 0.0, 'sad': 0.14, 'surprise': 0.0, 'neutral': 0.74}","[280, 206, 119, 146]"
2025-09-04T23:26:13.832684,14.08,neutral,0.67,"{'angry': 0.07, 'disgust': 0.0, 'fear': 0.1, 'happy': 0.0, 'sad': 0.15, 'surprise': 0.0, 'neutral': 0.67}","[277, 206, 120, 147]"
2025-09-04T23:26:13.911907,14.16,neutral,0.72,"{'angry': 0.04, 'disgust': 0.0, 'fear': 0.08, 'happy': 0.0, 'sad': 0.15, 'surprise': 0.0, 'neutral': 0.72}","[278, 206, 119, 146]"
2025-09-04T23:26:13.988343,14.24,neutral,0.77,"{'angry': 0.03, 'disgust': 0.0, 'fear': 0.06, 'happy': 0.0, 'sad': 0.14, 'surprise': 0.0, 'neutral': 0.77}","[277, 206, 119, 147]"
2025-09-04T23:26:14.064912,14.31,neutral,0.69,"{'angry': 0.03, 'disgust': 0.0, 'fear': 0.08, 'happy': 0.0, 'sad': 0.19, 'surprise': 0.0, 'neutral': 0.69}","[277, 206, 120, 146]"
2025-09-04T23:26:14.144470,14.39,neutral,0.58,"{'angry': 0.06, 'disgust': 0.0, 'fear': 0.12, 'happy': 0.01, 'sad': 0.23, 'surprise': 0.0, 'neutral': 0.58}","[277, 207, 118, 145]"
2025-09-04T23:26:14.222319,14.47,neutral,0.73,"{'angry': 0.03, 'disgust': 0.0, 'fear': 0.08, 'happy': 0.01, 'sad': 0.15, 'surprise': 0.0, 'neutral': 0.73}","[274, 205, 120, 148]"
2025-09-04T23:26:14.297359,14.55,neutral,0.78,"{'angry': 0.04, 'disgust': 0.0, 'fear': 0.05, 'happy': 0.01, 'sad': 0.11, 'surprise': 0.0, 'neutral': 0.78}","[275, 205, 119, 146]"
2025-09-04T23:26:14.360535,14.61,neutral,0.7,"{'angry': 0.07, 'disgust': 0.0, 'fear': 0.08, 'happy': 0.02, 'sad': 0.13, 'surprise': 0.0, 'neutral': 0.7}","[272, 201, 123, 154]"
2025-09-04T23:26:14.437367,14.69,neutral,0.7,"{'angry': 0.05, 'disgust': 0.0, 'fear': 0.08, 'happy': 0.02, 'sad': 0.14, 'surprise': 0.0, 'neutral': 0.7}","[273, 202, 121, 154]"
2025-09-04T23:26:14.499635,14.75,neutral,0.78,"{'angry': 0.05, 'disgust': 0.0, 'fear': 0.04, 'happy': 0.02, 'sad': 0.1, 'surprise': 0.0, 'neutral': 0.78}","[271, 201, 124, 154]"
2025-09-04T23:26:14.562342,14.81,neutral,0.82,"{'angry': 0.04, 'disgust': 0.0, 'fear': 0.04, 'happy': 0.03, 'sad': 0.07, 'surprise': 0.0, 'neutral': 0.82}","[271, 201, 123, 154]"
2025-09-04T23:26:14.624918,14.87,neutral,0.52,"{'angry': 0.14, 'disgust': 0.0, 'fear': 0.08, 'happy': 0.17, 'sad': 0.09, 'surprise': 0.01, 'neutral': 0.52}","[272, 202, 122, 154]"
2025-09-04T23:26:14.703398,14.95,neutral,0.64,"{'angry': 0.09, 'disgust': 0.0, 'fear': 0.06, 'happy': 0.12, 'sad': 0.09, 'surprise': 0.0, 'neutral': 0.64}","[272, 202, 122, 154]"
2025-09-04T23:26:14.778645,15.03,neutral,0.75,"{'angry': 0.05, 'disgust': 0.0, 'fear': 0.05, 'happy': 0.03, 'sad': 0.12, 'surprise': 0.0, 'neutral': 0.75}","[270, 201, 125, 155]"
2025-09-04T23:26:14.856719,15.1,neutral,0.81,"{'angry': 0.05, 'disgust': 0.0, 'fear': 0.03, 'happy': 0.02, 'sad': 0.08, 'surprise': 0.0, 'neutral': 0.81}","[270, 201, 125, 154]"
2025-09-04T23:26:14.933827,15.18,neutral,0.76,"{'angry': 0.05, 'disgust': 0.0, 'fear': 0.04, 'happy': 0.02, 'sad': 0.14, 'surprise': 0.0, 'neutral': 0.76}","[270, 200, 125, 155]"
2025-09-04T23:26:15.010680,15.26,neutral,0.77,"{'angry': 0.05, 'disgust': 0.0, 'fear': 0.04, 'happy': 0.02, 'sad': 0.11, 'surprise': 0.0, 'neutral': 0.77}","[271, 202, 122, 153]"
2025-09-04T23:26:15.090444,15.34,neutral,0.71,"{'angry': 0.07, 'disgust': 0.0, 'fear': 0.05, 'happy': 0.06, 'sad': 0.11, 'surprise': 0.0, 'neutral': 0.71}","[269, 200, 125, 156]"
2025-09-04T23:26:15.170127,15.42,neutral,0.6,"{'angry': 0.09, 'disgust': 0.0, 'fear': 0.12, 'happy': 0.0, 'sad': 0.18, 'surprise': 0.01, 'neutral': 0.6}","[272, 208, 120, 148]"
2025-09-04T23:26:15.245645,15.49,neutral,0.74,"{'angry': 0.08, 'disgust': 0.0, 'fear': 0.06, 'happy': 0.01, 'sad': 0.1, 'surprise': 0.0, 'neutral': 0.74}","[270, 203, 122, 152]"
2025-09-04T23:26:15.321211,15.57,neutral,0.75,"{'angry': 0.06, 'disgust': 0.0, 'fear': 0.06, 'happy': 0.04, 'sad': 0.09, 'surprise': 0.0, 'neutral': 0.75}","[269, 201, 124, 155]"
2025-09-04T23:26:15.398194,15.65,neutral,0.61,"{'angry': 0.1, 'disgust': 0.0, 'fear': 0.15, 'happy': 0.0, 'sad': 0.13, 'surprise': 0.01, 'neutral': 0.61}","[272, 208, 120, 148]"
2025-09-04T23:26:15.475794,15.72,neutral,0.69,"{'angry': 0.07, 'disgust': 0.0, 'fear': 0.05, 'happy': 0.1, 'sad': 0.08, 'surprise': 0.0, 'neutral': 0.69}","[270, 202, 123, 154]"
2025-09-04T23:26:15.539787,15.79,neutral,0.54,"{'angry': 0.15, 'disgust': 0.01, 'fear': 0.14, 'happy': 0.01, 'sad': 0.16, 'surprise': 0.01, 'neutral': 0.54}","[272, 207, 120, 149]"
2025-09-04T23:26:15.616367,15.86,neutral,0.68,"{'angry': 0.09, 'disgust': 0.01, 'fear': 0.11, 'happy': 0.02, 'sad': 0.09, 'surprise': 0.0, 'neutral': 0.68}","[272, 207, 121, 148]"
2025-09-04T23:26:15.693377,15.94,neutral,0.75,"{'angry': 0.06, 'disgust': 0.0, 'fear': 0.05, 'happy': 0.04, 'sad': 0.1, 'surprise': 0.0, 'neutral': 0.75}","[270, 199, 125, 155]"
2025-09-04T23:26:15.773787,16.02,neutral,0.7,"{'angry': 0.07, 'disgust': 0.0, 'fear': 0.1, 'happy': 0.01, 'sad': 0.12, 'surprise': 0.0, 'neutral': 0.7}","[274, 204, 121, 150]"
2025-09-04T23:26:15.849167,16.1,neutral,0.74,"{'angry': 0.07, 'disgust': 0.0, 'fear': 0.06, 'happy': 0.01, 'sad': 0.12, 'surprise': 0.0, 'neutral': 0.74}","[280, 202, 119, 147]"
2025-09-04T23:26:15.926174,16.17,neutral,0.55,"{'angry': 0.1, 'disgust': 0.0, 'fear': 0.12, 'happy': 0.0, 'sad': 0.22, 'surprise': 0.01, 'neutral': 0.55}","[282, 201, 119, 147]"
2025-09-04T23:26:16.003452,16.25,neutral,0.74,"{'angry': 0.06, 'disgust': 0.0, 'fear': 0.04, 'happy': 0.0, 'sad': 0.15, 'surprise': 0.0, 'neutral': 0.74}","[291, 198, 118, 148]"
2025-09-04T23:26:16.064915,16.31,neutral,0.78,"{'angry': 0.06, 'disgust': 0.0, 'fear': 0.05, 'happy': 0.0, 'sad': 0.1, 'surprise': 0.0, 'neutral': 0.78}","[292, 198, 117, 147]"
2025-09-04T23:26:16.141629,16.39,neutral,0.74,"{'angry': 0.1, 'disgust': 0.0, 'fear': 0.07, 'happy': 0.0, 'sad': 0.09, 'surprise': 0.0, 'neutral': 0.74}","[295, 197, 117, 144]"
2025-09-04T23:26:16.218228,16.47,neutral,0.69,"{'angry': 0.11, 'disgust': 0.0, 'fear': 0.1, 'happy': 0.0, 'sad': 0.09, 'surprise': 0.0, 'neutral': 0.69}","[296, 197, 116, 143]"
2025-09-04T23:26:16.295343,16.54,neutral,0.61,"{'angry': 0.1, 'disgust': 0.0, 'fear': 0.11, 'happy': 0.0, 'sad': 0.16, 'surprise': 0.01, 'neutral': 0.61}","[298, 196, 115, 144]"
2025-09-04T23:26:16.372549,16.62,neutral,0.42,"{'angry': 0.42, 'disgust': 0.0, 'fear': 0.12, 'happy': 0.01, 'sad': 0.18, 'surprise': 0.0, 'neutral': 0.27}","[292, 194, 113, 138]"
2025-09-04T23:26:16.448565,16.7,neutral,0.39,"{'angry': 0.36, 'disgust': 0.0, 'fear': 0.08, 'happy': 0.01, 'sad': 0.15, 'surprise': 0.0, 'neutral': 0.39}","[290, 194, 114, 138]"
2025-09-04T23:26:16.525504,16.77,neutral,0.43,"{'angry': 0.31, 'disgust': 0.0, 'fear': 0.05, 'happy': 0.05, 'sad': 0.15, 'surprise': 0.0, 'neutral': 0.43}","[281, 189, 118, 141]"
2025-09-04T23:26:16.600961,16.85,neutral,0.46,"{'angry': 0.31, 'disgust': 0.0, 'fear': 0.06, 'happy': 0.03, 'sad': 0.14, 'surprise': 0.0, 'neutral': 0.46}","[280, 190, 114, 139]"
2025-09-04T23:26:16.677594,16.93,neutral,0.69,"{'angry': 0.06, 'disgust': 0.0, 'fear': 0.02, 'happy': 0.13, 'sad': 0.1, 'surprise': 0.01, 'neutral': 0.69}","[268, 192, 116, 140]"
2025-09-04T23:26:16.754111,17.0,neutral,0.78,"{'angry': 0.04, 'disgust': 0.0, 'fear': 0.01, 'happy': 0.1, 'sad': 0.07, 'surprise': 0.01, 'neutral': 0.78}","[267, 192, 116, 141]"
2025-09-04T23:26:16.817591,17.07,neutral,0.72,"{'angry': 0.11, 'disgust': 0.0, 'fear': 0.03, 'happy': 0.05, 'sad': 0.08, 'surprise': 0.0, 'neutral': 0.72}","[266, 191, 117, 140]"
2025-09-04T23:26:16.894467,17.14,neutral,0.73,"{'angry': 0.06, 'disgust': 0.0, 'fear': 0.01, 'happy': 0.16, 'sad': 0.03, 'surprise': 0.0, 'neutral': 0.73}","[264, 193, 114, 139]"
2025-09-04T23:26:16.971510,17.22,neutral,0.77,"{'angry': 0.06, 'disgust': 0.0, 'fear': 0.03, 'happy': 0.09, 'sad': 0.04, 'surprise': 0.0, 'neutral': 0.77}","[262, 192, 115, 140]"
2025-09-04T23:26:17.033450,17.28,neutral,0.65,"{'angry': 0.11, 'disgust': 0.0, 'fear': 0.04, 'happy': 0.09, 'sad': 0.11, 'surprise': 0.0, 'neutral': 0.65}","[262, 193, 114, 139]"
2025-09-04T23:26:17.095556,17.34,neutral,0.71,"{'angry': 0.13, 'disgust': 0.0, 'fear': 0.03, 'happy': 0.05, 'sad': 0.07, 'surprise': 0.0, 'neutral': 0.71}","[261, 194, 115, 138]"
2025-09-04T23:26:17.157531,17.41,neutral,0.69,"{'angry': 0.11, 'disgust': 0.0, 'fear': 0.03, 'happy': 0.11, 'sad': 0.06, 'surprise': 0.0, 'neutral': 0.69}","[260, 193, 115, 141]"
2025-09-04T23:26:17.219308,17.47,neutral,0.7,"{'angry': 0.09, 'disgust': 0.0, 'fear': 0.02, 'happy': 0.13, 'sad': 0.06, 'surprise': 0.0, 'neutral': 0.7}","[261, 193, 115, 142]"
2025-09-04T23:26:17.296135,17.54,neutral,0.44,"{'angry': 0.13, 'disgust': 0.0, 'fear': 0.1, 'happy': 0.17, 'sad': 0.14, 'surprise': 0.01, 'neutral': 0.44}","[262, 193, 117, 144]"
2025-09-04T23:26:17.371009,17.62,neutral,0.54,"{'angry': 0.14, 'disgust': 0.0, 'fear': 0.08, 'happy': 0.15, 'sad': 0.07, 'surprise': 0.02, 'neutral': 0.54}","[265, 196, 118, 144]"
2025-09-04T23:26:17.447756,17.7,neutral,0.37,"{'angry': 0.09, 'disgust': 0.0, 'fear': 0.18, 'happy': 0.12, 'sad': 0.23, 'surprise': 0.01, 'neutral': 0.37}","[270, 199, 116, 143]"
2025-09-04T23:26:17.524330,17.77,neutral,0.39,"{'angry': 0.18, 'disgust': 0.0, 'fear': 0.15, 'happy': 0.13, 'sad': 0.13, 'surprise': 0.01, 'neutral': 0.39}","[270, 199, 117, 144]"
2025-09-04T23:26:17.600739,17.85,neutral,0.41,"{'angry': 0.14, 'disgust': 0.0, 'fear': 0.1, 'happy': 0.23, 'sad': 0.12, 'surprise': 0.01, 'neutral': 0.41}","[270, 199, 118, 146]"
2025-09-04T23:26:17.678099,17.93,neutral,0.29,"{'angry': 0.19, 'disgust': 0.0, 'fear': 0.11, 'happy': 0.21, 'sad': 0.2, 'surprise': 0.0, 'neutral': 0.29}","[271, 198, 120, 147]"
2025-09-04T23:26:17.753569,18.0,neutral,0.35,"{'angry': 0.12, 'disgust': 0.0, 'fear': 0.13, 'happy': 0.17, 'sad': 0.23, 'surprise': 0.01, 'neutral': 0.35}","[272, 197, 119, 148]"
2025-09-04T23:26:17.829140,18.08,neutral,0.49,"{'angry': 0.11, 'disgust': 0.0, 'fear': 0.17, 'happy': 0.01, 'sad': 0.21, 'surprise': 0.0, 'neutral': 0.49}","[275, 202, 115, 140]"
2025-09-04T23:26:17.906368,18.15,neutral,0.33,"{'angry': 0.18, 'disgust': 0.0, 'fear': 0.33, 'happy': 0.03, 'sad': 0.19, 'surprise': 0.01, 'neutral': 0.25}","[274, 203, 115, 140]"
2025-09-04T23:26:17.983020,18.23,neutral,0.3,"{'angry': 0.21, 'disgust': 0.0, 'fear': 0.2, 'happy': 0.03, 'sad': 0.26, 'surprise': 0.0, 'neutral': 0.3}","[275, 202, 115, 140]"
2025-09-04T23:26:18.059882,18.31,neutral,0.36,"{'angry': 0.22, 'disgust': 0.0, 'fear': 0.14, 'happy': 0.06, 'sad': 0.21, 'surprise': 0.01, 'neutral': 0.36}","[272, 199, 119, 147]"
2025-09-04T23:26:18.137989,18.39,neutral,0.56,"{'angry': 0.09, 'disgust': 0.0, 'fear': 0.12, 'happy': 0.01, 'sad': 0.22, 'surprise': 0.0, 'neutral': 0.56}","[274, 200, 118, 145]"
2025-09-04T23:26:18.212823,18.46,neutral,0.3,"{'angry': 0.23, 'disgust': 0.0, 'fear': 0.22, 'happy': 0.03, 'sad': 0.21, 'surprise': 0.01, 'neutral': 0.3}","[276, 202, 118, 145]"
2025-09-04T23:26:18.276337,18.52,neutral,0.53,"{'angry': 0.14, 'disgust': 0.0, 'fear': 0.1, 'happy': 0.03, 'sad': 0.21, 'surprise': 0.0, 'neutral': 0.53}","[274, 203, 120, 147]"
2025-09-04T23:26:18.352941,18.6,neutral,0.77,"{'angry': 0.04, 'disgust': 0.0, 'fear': 0.07, 'happy': 0.0, 'sad': 0.11, 'surprise': 0.0, 'neutral': 0.77}","[273, 202, 121, 147]"
2025-09-04T23:26:18.430642,18.68,neutral,0.73,"{'angry': 0.05, 'disgust': 0.0, 'fear': 0.11, 'happy': 0.02, 'sad': 0.09, 'surprise': 0.0, 'neutral': 0.73}","[273, 205, 118, 144]"
2025-09-04T23:26:18.505736,18.75,neutral,0.83,"{'angry': 0.02, 'disgust': 0.0, 'fear': 0.05, 'happy': 0.01, 'sad': 0.09, 'surprise': 0.0, 'neutral': 0.83}","[273, 203, 120, 147]"
2025-09-04T23:26:18.582133,18.83,neutral,0.82,"{'angry': 0.02, 'disgust': 0.0, 'fear': 0.05, 'happy': 0.01, 'sad': 0.1, 'surprise': 0.0, 'neutral': 0.82}","[273, 206, 119, 148]"
2025-09-04T23:26:18.656840,18.9,neutral,0.83,"{'angry': 0.02, 'disgust': 0.0, 'fear': 0.04, 'happy': 0.0, 'sad': 0.11, 'surprise': 0.0, 'neutral': 0.83}","[273, 208, 119, 146]"
2025-09-04T23:26:18.732605,18.98,neutral,0.82,"{'angry': 0.02, 'disgust': 0.0, 'fear': 0.04, 'happy': 0.01, 'sad': 0.12, 'surprise': 0.0, 'neutral': 0.82}","[273, 207, 119, 146]"
2025-09-04T23:26:18.808112,19.06,neutral,0.77,"{'angry': 0.02, 'disgust': 0.0, 'fear': 0.07, 'happy': 0.0, 'sad': 0.12, 'surprise': 0.0, 'neutral': 0.77}","[273, 208, 118, 146]"
2025-09-04T23:26:18.883693,19.13,neutral,0.86,"{'angry': 0.02, 'disgust': 0.0, 'fear': 0.02, 'happy': 0.0, 'sad': 0.1, 'surprise': 0.0, 'neutral': 0.86}","[270, 201, 123, 154]"
2025-09-04T23:26:18.961571,19.21,neutral,0.86,"{'angry': 0.02, 'disgust': 0.0, 'fear': 0.02, 'happy': 0.0, 'sad': 0.1, 'surprise': 0.0, 'neutral': 0.86}","[270, 201, 123, 154]"
2025-09-04T23:26:19.038123,19.29,neutral,0.75,"{'angry': 0.03, 'disgust': 0.0, 'fear': 0.05, 'happy': 0.01, 'sad': 0.16, 'surprise': 0.0, 'neutral': 0.75}","[270, 202, 122, 154]"
2025-09-04T23:26:19.099235,19.35,neutral,0.76,"{'angry': 0.02, 'disgust': 0.0, 'fear': 0.04, 'happy': 0.01, 'sad': 0.17, 'surprise': 0.0, 'neutral': 0.76}","[270, 202, 123, 154]"
2025-09-04T23:26:19.159682,19.41,neutral,0.77,"{'angry': 0.02, 'disgust': 0.0, 'fear': 0.03, 'happy': 0.01, 'sad': 0.16, 'surprise': 0.0, 'neutral': 0.77}","[271, 202, 122, 154]"
